Time,Symbol,Price,Quantity,Type,Status,Value,Tag
2021-01-04T15:00:00Z,AVGO,39.306854097,91,Market,Filled,3576.923722827,""
2021-01-04T15:00:00Z,COST,355.497657056,10,Market,Filled,3554.97657056,""
2021-01-04T15:00:00Z,PG,121.00497939,24,Market,Filled,2904.11950536,""
2021-01-04T15:00:00Z,SCHD,17.773882796612,168,Market,Filled,2986.0123098307,""
2021-01-04T15:00:00Z,VIG,128.220885293,23,Market,Filled,2949.080361739,""
2021-01-11T15:00:00Z,COST,349.044013088,-10,Market,Filled,-3490.44013088,""
2021-01-11T15:00:00Z,PG,120.700597165,-24,Market,Filled,-2896.81433196,""
2021-01-11T15:00:00Z,SCHD,18.21725997894,-168,Market,Filled,-3060.499676462,""
2021-01-11T15:00:00Z,GOOGL,89.10141663905,40,Market,Filled,3564.056665562,""
2021-01-11T15:00:00Z,TSLA,293.339970666,12,Market,Filled,3520.079647992,""
2021-01-11T15:00:00Z,USMV,62.782932888,47,Market,Filled,2950.797845736,""
2021-01-11T15:00:00Z,XLV,107.935679397,27,Market,Filled,2914.263343719,""
2021-01-19T15:00:00Z,USMV,61.782152004,-47,Market,Filled,-2903.761144188,""
2021-01-19T15:00:00Z,AVGO,40.025033457,-8,Market,Filled,-320.200267656,""
2021-01-19T15:00:00Z,LLY,180.424466592,18,Market,Filled,3247.640398656,""
2021-01-19T15:00:00Z,SCHD,18.253284375005,161,Market,Filled,2938.7787843758,""
2021-01-25T15:00:00Z,SCHD,18.211717764161,-161,Market,Filled,-2932.08656003,""
2021-01-25T15:00:00Z,GOOGL,93.7962861196,-4,Market,Filled,-375.1851444784,""
2021-01-25T15:00:00Z,USMV,62.195318424,48,Market,Filled,2985.375284352,""
2021-02-01T15:00:00Z,USMV,60.625286028,-48,Market,Filled,-2910.013729344,""
2021-02-01T15:00:00Z,XLV,105.765748369,-27,Market,Filled,-2855.675205963,""
2021-02-01T15:00:00Z,JNJ,140.8758054,21,Market,Filled,2958.3919134,""
2021-02-01T15:00:00Z,LLY,196.691703712,-1,Market,Filled,-196.691703712,""
2021-02-01T15:00:00Z,SCHD,17.613158568017,168,Market,Filled,2959.0106394269,""
2021-02-08T15:00:00Z,JNJ,142.015731,-21,Market,Filled,-2982.330351,""
2021-02-08T15:00:00Z,GOOGL,103.52353232405,-3,Market,Filled,-310.57059697215,""
2021-02-08T15:00:00Z,LLY,190.827932192,1,Market,Filled,190.827932192,""
2021-02-08T15:00:00Z,USMV,62.176955472,49,Market,Filled,3046.670818128,""
2021-02-16T15:00:00Z,TSLA,272.039972796,-12,Market,Filled,-3264.479673552,""
2021-02-16T15:00:00Z,MSFT,234.035419144,14,Market,Filled,3276.495868016,""
2021-03-08T15:00:00Z,USMV,61.203719016,-49,Market,Filled,-2998.982231784,""
2021-03-08T15:00:00Z,MSFT,221.75371128,1,Market,Filled,221.75371128,""
2021-03-08T15:00:00Z,SCHD,19.444860552514,-12,Market,Filled,-233.33832663016,""
2021-03-08T15:00:00Z,XLV,103.917629146,29,Market,Filled,3013.611245234,""
2021-03-29T14:00:00Z,XLV,107.968421086,-29,Market,Filled,-3131.084211494,""
2021-03-29T14:00:00Z,GOOGL,100.34670203055,1,Market,Filled,100.34670203055,""
2021-03-29T14:00:00Z,LLY,175.992483483,1,Market,Filled,175.992483483,""
2021-03-29T14:00:00Z,USMV,64.0684499,48,Market,Filled,3075.2855952,""
2021-04-12T14:00:00Z,USMV,65.239197114,-48,Market,Filled,-3131.481461472,""
2021-04-12T14:00:00Z,AVGO,43.8881054235,3,Market,Filled,131.6643162705,""
2021-04-12T14:00:00Z,LLY,175.213713657,2,Market,Filled,350.427427314,""
2021-04-12T14:00:00Z,META,310.027092702,12,Market,Filled,3720.325112424,""
2021-04-19T14:00:00Z,LLY,179.734377525,-21,Market,Filled,-3774.421928025,""
2021-04-19T14:00:00Z,AAPL,130.386387768,26,Market,Filled,3390.046081968,""
2021-04-19T14:00:00Z,AVGO,43.3181182785,-7,Market,Filled,-303.2268279495,""
2021-04-19T14:00:00Z,GOOGL,113.13431127125,-4,Market,Filled,-452.537245085,""
2021-04-19T14:00:00Z,META,303.795990666,-1,Market,Filled,-303.795990666,""
2021-04-19T14:00:00Z,MSFT,249.654847492,-2,Market,Filled,-499.309694984,""
2021-04-19T14:00:00Z,NVDA,15.85345985125,217,Market,Filled,3440.2007877212,""
2021-04-26T14:00:00Z,AAPL,130.541887336,-26,Market,Filled,-3394.089070736,""
2021-04-26T14:00:00Z,AVGO,42.1727155395,10,Market,Filled,421.727155395,""
2021-04-26T14:00:00Z,GOOGL,113.98576126255,3,Market,Filled,341.95728378765,""
2021-04-26T14:00:00Z,META,298.785311481,1,Market,Filled,298.785311481,""
2021-04-26T14:00:00Z,MSFT,250.04741667,2,Market,Filled,500.09483334,""
2021-04-26T14:00:00Z,NVDA,15.208611342925,31,Market,Filled,471.46695163067,""
2021-05-03T14:00:00Z,AVGO,41.27430723,-89,Market,Filled,-3673.41334347,""
2021-05-03T14:00:00Z,AMZN,172.964271634,21,Market,Filled,3632.249704314,""
2021-05-10T14:00:00Z,AMZN,164.194394147,-21,Market,Filled,-3448.082277087,""
2021-05-10T14:00:00Z,GOOGL,116.56290908255,-3,Market,Filled,-349.68872724765,""
2021-05-10T14:00:00Z,META,316.595547396,-1,Market,Filled,-316.595547396,""
2021-05-10T14:00:00Z,SCHD,21.603147143685,-11,Market,Filled,-237.63461858054,""
2021-05-10T14:00:00Z,USMV,67.221170744,46,Market,Filled,3092.173854224,""
2021-05-17T14:00:00Z,NVDA,14.1901541971,-248,Market,Filled,-3519.1582408808,""
2021-05-17T14:00:00Z,USMV,66.963053248,-46,Market,Filled,-3080.300449408,""
2021-05-17T14:00:00Z,COST,364.200776586,9,Market,Filled,3277.806989274,""
2021-05-17T14:00:00Z,XLV,113.901056085,27,Market,Filled,3075.328514295,""
2021-05-24T14:00:00Z,VIG,140.902545188,-23,Market,Filled,-3240.758539324,""
2021-05-24T14:00:00Z,JNJ,148.558273496,20,Market,Filled,2971.16546992,""
2021-06-01T14:00:00Z,JNJ,147.989915125,-20,Market,Filled,-2959.7983025,""
2021-06-01T14:00:00Z,COST,358.374246291,1,Market,Filled,358.374246291,""
2021-06-01T14:00:00Z,GOOGL,116.80674691475,2,Market,Filled,233.6134938295,""
2021-06-01T14:00:00Z,NVDA,16.18422803165,231,Market,Filled,3738.5566753111,""
2021-06-07T14:00:00Z,COST,367.137726816,-10,Market,Filled,-3671.37726816,""
2021-06-07T14:00:00Z,GOOGL,118.62660975995,-2,Market,Filled,-237.2532195199,""
2021-06-07T14:00:00Z,NVDA,17.513029419025,-28,Market,Filled,-490.3648237327,""
2021-06-07T14:00:00Z,VIG,142.178671228,22,Market,Filled,3127.930767016,""
2021-06-14T14:00:00Z,XLV,114.915970315,-27,Market,Filled,-3102.731198505,""
2021-06-14T14:00:00Z,AVGO,42.586182405,81,Market,Filled,3449.480774805,""
2021-06-14T14:00:00Z,LLY,213.753519688,16,Market,Filled,3420.056315008,""
2021-06-14T14:00:00Z,MSFT,247.496181963,-1,Market,Filled,-247.496181963,""
2021-06-21T14:00:00Z,AVGO,41.934768525,-81,Market,Filled,-3396.716250525,""
2021-06-21T14:00:00Z,MSFT,248.974114881,-14,Market,Filled,-3485.637608334,""
2021-06-21T14:00:00Z,VIG,137.128858184,-22,Market,Filled,-3016.834880048,""
2021-06-21T14:00:00Z,LLY,208.535598621,1,Market,Filled,208.535598621,""
2021-06-21T14:00:00Z,NVDA,18.5738498725,-11,Market,Filled,-204.3123485975,""
2021-06-21T14:00:00Z,SCHD,20.643131303687,8,Market,Filled,165.14505042949,""
2021-06-21T14:00:00Z,USMV,66.419679184,47,Market,Filled,3121.724921648,""
2021-06-21T14:00:00Z,XLV,114.168624382,27,Market,Filled,3082.552858314,""
2021-06-28T14:00:00Z,USMV,68.009905356,-47,Market,Filled,-3196.465551732,""
2021-06-28T14:00:00Z,COST,373.760075883,9,Market,Filled,3363.840682947,""
2021-06-28T14:00:00Z,LLY,219.543790415,-2,Market,Filled,-439.08758083,""
2021-06-28T14:00:00Z,META,338.711990769,-1,Market,Filled,-338.711990769,""
2021-06-28T14:00:00Z,MSFT,254.338819434,13,Market,Filled,3306.404652642,""
2021-07-19T14:00:00Z,XLV,119.13408207,-27,Market,Filled,-3216.62021589,""
2021-07-19T14:00:00Z,GOOGL,125.854022579,-2,Market,Filled,-251.708045158,""
2021-07-19T14:00:00Z,LLY,221.747336606,1,Market,Filled,221.747336606,""
2021-07-19T14:00:00Z,USMV,69.600131528,47,Market,Filled,3271.206181816,""
2021-07-26T14:00:00Z,LLY,232.869998332,-16,Market,Filled,-3725.919973312,""
2021-07-26T14:00:00Z,NVDA,19.489899044,-192,Market,Filled,-3742.060616448,""
2021-07-26T14:00:00Z,VIG,145.960084129,23,Market,Filled,3357.081934967,""
2021-08-02T14:00:00Z,SCHD,21.393433024656,-153,Market,Filled,-3273.1952527724,""
2021-08-02T14:00:00Z,XLV,122.403739275,27,Market,Filled,3304.900960425,""
2021-08-09T14:00:00Z,VIG,147.04968014,-23,Market,Filled,-3382.14264322,""
2021-08-09T14:00:00Z,LLY,251.299657384,14,Market,Filled,3518.195203376,""
2021-08-09T14:00:00Z,NVDA,20.295085588,182,Market,Filled,3693.705577016,""
2021-08-23T14:00:00Z,GOOGL,136.22159089565,-28,Market,Filled,-3814.2045450782,""
2021-08-23T14:00:00Z,META,356.571837369,-10,Market,Filled,-3565.71837369,""
2021-08-23T14:00:00Z,LLY,259.259840542,1,Market,Filled,259.259840542,""
2021-08-23T14:00:00Z,VIG,148.377339145,23,Market,Filled,3412.678800335,""
2021-08-30T14:00:00Z,LLY,248.57976295,-15,Market,Filled,-3728.69644425,""
2021-08-30T14:00:00Z,VIG,148.661183484,-23,Market,Filled,-3419.207220132,""
2021-08-30T14:00:00Z,AAPL,144.88228062,28,Market,Filled,4056.70385736,""
2021-08-30T14:00:00Z,GOOGL,142.7383056428,29,Market,Filled,4139.4108636412,""
2021-08-30T14:00:00Z,MSFT,288.19097048,1,Market,Filled,288.19097048,""
2021-09-07T14:00:00Z,AAPL,150.43967631,-3,Market,Filled,-451.31902893,""
2021-09-07T14:00:00Z,GOOGL,142.47613041265,-3,Market,Filled,-427.42839123795,""
2021-09-07T14:00:00Z,META,373.330326762,10,Market,Filled,3733.30326762,""
2021-09-07T14:00:00Z,MSFT,289.55634876,-1,Market,Filled,-289.55634876,""
2021-09-07T14:00:00Z,NVDA,22.7674741891,-15,Market,Filled,-341.5121128365,""
2021-09-13T14:00:00Z,AAPL,145.243023849,-25,Market,Filled,-3631.075596225,""
2021-09-13T14:00:00Z,META,375.741406053,-10,Market,Filled,-3757.41406053,""
2021-09-13T14:00:00Z,GOOGL,139.6377985732,2,Market,Filled,279.2755971464,""
2021-09-13T14:00:00Z,NVDA,22.4036809886,7,Market,Filled,156.8257669202,""
2021-09-13T14:00:00Z,PG,127.7315264,27,Market,Filled,3448.7512128,""
2021-09-27T14:00:00Z,PG,127.1999024,-27,Market,Filled,-3434.3973648,""
2021-09-27T14:00:00Z,USMV,70.224764099,2,Market,Filled,140.449528198,""
2021-09-27T14:00:00Z,VIG,145.54982288,23,Market,Filled,3347.64592624,""
2021-09-27T14:00:00Z,XLV,122.676611018,1,Market,Filled,122.676611018,""
2021-10-04T14:00:00Z,NVDA,20.6734207254,-174,Market,Filled,-3597.1752062196,""
2021-10-04T14:00:00Z,NFLX,61.315,62,Market,Filled,3801.53,""
2021-10-11T14:00:00Z,VIG,144.620938,-23,Market,Filled,-3326.281574,""
2021-10-11T14:00:00Z,PG,125.5784492,27,Market,Filled,3390.6181284,""
2021-10-18T14:00:00Z,XLV,118.949279527,-28,Market,Filled,-3330.579826756,""
2021-10-18T14:00:00Z,VIG,147.45357704,23,Market,Filled,3391.43227192,""
2021-10-25T14:00:00Z,GOOGL,136.35738676155,-28,Market,Filled,-3818.0068293234,""
2021-10-25T14:00:00Z,VIG,150.80124136,-23,Market,Filled,-3468.42855128,""
2021-10-25T14:00:00Z,MSFT,297.26785144,1,Market,Filled,297.26785144,""
2021-10-25T14:00:00Z,NVDA,22.6508610262,185,Market,Filled,4190.409289847,""
2021-10-25T14:00:00Z,TSLA,303.226636344,13,Market,Filled,3941.946272472,""
2021-11-01T14:00:00Z,AVGO,48.8342138187,82,Market,Filled,4004.4055331334,""
2021-11-01T14:00:00Z,MSFT,318.86390508,-2,Market,Filled,-637.72781016,""
2021-11-01T14:00:00Z,NFLX,69.031,-4,Market,Filled,-276.124,""
2021-11-01T14:00:00Z,NVDA,25.4824678279,-28,Market,Filled,-713.5090991812,""
2021-11-01T14:00:00Z,PG,127.4890045,2,Market,Filled,254.978009,""
2021-11-01T14:00:00Z,TSLA,371.3332962,-3,Market,Filled,-1113.9998886,""
2021-11-08T15:00:00Z,PG,130.19926026,-29,Market,Filled,-3775.77854754,""
2021-11-08T15:00:00Z,COST,487.830778176,-1,Market,Filled,-487.830778176,""
2021-11-08T15:00:00Z,NFLX,64.572,6,Market,Filled,387.432,""
2021-11-08T15:00:00Z,NVDA,29.6536309624,-18,Market,Filled,-533.7653573232,""
2021-11-08T15:00:00Z,USMV,72.182927866,4,Market,Filled,288.731711464,""
2021-11-08T15:00:00Z,VIG,153.76263672,24,Market,Filled,3690.30328128,""
2021-11-29T15:00:00Z,NFLX,66.564,-64,Market,Filled,-4260.096,""
2021-11-29T15:00:00Z,TSLA,360.639963936,-10,Market,Filled,-3606.39963936,""
2021-11-29T15:00:00Z,MSFT,317.578469208,1,Market,Filled,317.578469208,""
2021-11-29T15:00:00Z,PG,131.474150305,29,Market,Filled,3812.750358845,""
2021-11-29T15:00:00Z,VIG,151.02196648,1,Market,Filled,151.02196648,""
2021-12-06T15:00:00Z,USMV,71.08784102,-53,Market,Filled,-3767.65557406,""
2021-12-06T15:00:00Z,XLV,121.180101367,31,Market,Filled,3756.583142377,""
2021-12-13T15:00:00Z,NVDA,30.1018405086,-139,Market,Filled,-4184.1558306954,""
2021-12-13T15:00:00Z,XLV,125.093334678,-31,Market,Filled,-3877.893375018,""
2021-12-13T15:00:00Z,AAPL,175.21580547,25,Market,Filled,4380.39513675,""
2021-12-13T15:00:00Z,AVGO,58.0201933248,-6,Market,Filled,-348.1211599488,""
2021-12-13T15:00:00Z,USMV,73.027443993,53,Market,Filled,3870.454531629,""
2021-12-20T15:00:00Z,VIG,153.82701488,-25,Market,Filled,-3845.675372,""
2021-12-20T15:00:00Z,AAPL,167.101883244,1,Market,Filled,167.101883244,""
2021-12-20T15:00:00Z,MSFT,311.91430578,1,Market,Filled,311.91430578,""
2021-12-20T15:00:00Z,XLV,128.197895072,30,Market,Filled,3845.93685216,""
2022-01-03T15:00:00Z,USMV,75.31807798,-53,Market,Filled,-3991.85813294,""
2022-01-03T15:00:00Z,XLV,131.461331242,-30,Market,Filled,-3943.83993726,""
2022-01-03T15:00:00Z,AVGO,61.5092826997,-6,Market,Filled,-369.0556961982,""
2022-01-03T15:00:00Z,GOOGL,143.5788523164,30,Market,Filled,4307.365569492,""
2022-01-03T15:00:00Z,LLY,265.19978877,16,Market,Filled,4243.19662032,""
2022-01-03T15:00:00Z,PG,145.83672277,-2,Market,Filled,-291.67344554,""
2022-01-03T15:00:00Z,XLU,31.467076218,126,Market,Filled,3964.851603468,""
2022-01-10T15:00:00Z,GOOGL,135.8127164819,-30,Market,Filled,-4074.381494457,""
2022-01-10T15:00:00Z,MSFT,302.512565124,-14,Market,Filled,-4235.175911736,""
2022-01-10T15:00:00Z,AVGO,57.2330929555,5,Market,Filled,286.1654647775,""
2022-01-10T15:00:00Z,LLY,249.14685825,1,Market,Filled,249.14685825,""
2022-01-10T15:00:00Z,SCHD,23.317857783214,164,Market,Filled,3824.1286764471,""
2022-01-18T15:00:00Z,LLY,234.38046642,-17,Market,Filled,-3984.46792914,""
2022-01-18T15:00:00Z,TSLA,349.869965013,12,Market,Filled,4198.439580156,""
2022-01-24T15:00:00Z,TSLA,314.63330187,-12,Market,Filled,-3775.59962244,""
2022-01-24T15:00:00Z,AAPL,158.577871086,-13,Market,Filled,-2061.512324118,""
2022-01-24T15:00:00Z,AVGO,49.2908053891,-31,Market,Filled,-1528.0149670621,""
2022-01-24T15:00:00Z,COST,457.873754828,-4,Market,Filled,-1831.495019312,""
2022-01-24T15:00:00Z,NVDA,23.2995701718,93,Market,Filled,2166.8600259774,""
2022-01-24T15:00:00Z,PG,145.754514101,-7,Market,Filled,-1020.281598707,""
2022-01-24T15:00:00Z,SCHD,22.178381328162,-29,Market,Filled,-643.17305851669,""
2022-01-24T15:00:00Z,XLU,30.262552764,-27,Market,Filled,-817.088924628,""
2022-01-31T15:00:00Z,NVDA,22.767270588,-93,Market,Filled,-2117.356164684,""
2022-01-31T15:00:00Z,XLU,29.875698516,-99,Market,Filled,-2957.694153084,""
2022-01-31T15:00:00Z,AAPL,166.310995518,4,Market,Filled,665.243982072,""
2022-01-31T15:00:00Z,AVGO,51.774619017,12,Market,Filled,621.295428204,""
2022-01-31T15:00:00Z,COST,468.160488964,2,Market,Filled,936.320977928,""
2022-01-31T15:00:00Z,SGOV,84.41983154007,35,Market,Filled,2954.6941039025,""
2022-02-07T15:00:00Z,AAPL,168.536842154,9,Market,Filled,1516.831579386,""
2022-02-07T15:00:00Z,AVGO,54.5533104072,24,Market,Filled,1309.2794497728,""
2022-02-07T15:00:00Z,COST,494.902020166,2,Market,Filled,989.804040332,""
2022-02-07T15:00:00Z,PG,144.768535591,5,Market,Filled,723.842677955,""
2022-02-07T15:00:00Z,SCHD,22.42969443103,28,Market,Filled,628.03144406885,""
2022-02-07T15:00:00Z,SGOV,84.41291226331,8,Market,Filled,675.30329810648,""
2022-02-14T15:00:00Z,COST,485.285246586,-8,Market,Filled,-3882.281972688,""
2022-02-14T15:00:00Z,PG,140.00894842,-4,Market,Filled,-560.03579368,""
2022-02-14T15:00:00Z,SCHD,22.238353773164,-28,Market,Filled,-622.6739056486,""
2022-02-14T15:00:00Z,SGOV,84.405569713,-8,Market,Filled,-675.244557704,""
2022-03-07T15:00:00Z,SCHD,22.172669666733,-135,Market,Filled,-2993.3104050089,""
2022-03-07T15:00:00Z,AAPL,159.522922062,-8,Market,Filled,-1276.183376496,""
2022-03-07T15:00:00Z,AVGO,55.0922249383,-28,Market,Filled,-1542.5822982724,""
2022-03-07T15:00:00Z,DUK,89.081587616,33,Market,Filled,2939.692391328,""
2022-03-07T15:00:00Z,LLY,253.435990005,11,Market,Filled,2787.795890055,""
2022-03-14T14:00:00Z,AAPL,151.271567878,-18,Market,Filled,-2722.888221804,""
2022-03-14T14:00:00Z,AVGO,53.4153965345,-52,Market,Filled,-2777.600619794,""
2022-03-14T14:00:00Z,PG,128.374402002,-21,Market,Filled,-2695.862442042,""
2022-03-14T14:00:00Z,LLY,256.74289245,5,Market,Filled,1283.71446225,""
2022-03-14T14:00:00Z,XLU,30.961528053,96,Market,Filled,2972.306693088,""
2022-03-21T14:00:00Z,SGOV,84.429461242,-35,Market,Filled,-2955.03114347,""
2022-03-21T14:00:00Z,COST,534.49265833,8,Market,Filled,4275.94126664,""
2022-03-21T14:00:00Z,SCHD,22.492522706748,133,Market,Filled,2991.5055199974,""
2022-03-28T14:00:00Z,COST,529.122499618,-8,Market,Filled,-4232.979996944,""
2022-03-28T14:00:00Z,DUK,92.322302667,6,Market,Filled,553.933816002,""
2022-03-28T14:00:00Z,SCHD,22.841254124541,26,Market,Filled,593.87260723807,""
2022-03-28T14:00:00Z,XLU,32.208155814,16,Market,Filled,515.330493024,""
2022-04-04T14:00:00Z,COST,548.032313806,8,Market,Filled,4384.258510448,""
2022-04-11T14:00:00Z,SCHD,22.841254124541,-159,Market,Filled,-3631.759405802,""
2022-04-11T14:00:00Z,LLY,300.503913435,-2,Market,Filled,-601.00782687,""
2022-04-11T14:00:00Z,XLV,133.687580247,27,Market,Filled,3609.564666669,""
2022-04-18T14:00:00Z,LLY,291.21951969,1,Market,Filled,291.21951969,""
2022-04-18T14:00:00Z,XLV,129.765778376,1,Market,Filled,129.765778376,""
2022-04-25T14:00:00Z,XLV,125.113903603,-28,Market,Filled,-3503.189300884,""
2022-04-25T14:00:00Z,AVGO,54.623480457,39,Market,Filled,2130.315737823,""
2022-04-25T14:00:00Z,COST,544.34747086,-5,Market,Filled,-2721.7373543,""
2022-04-25T14:00:00Z,DUK,96.696844916,-8,Market,Filled,-773.574759328,""
2022-04-25T14:00:00Z,LLY,268.50505275,-7,Market,Filled,-1879.53536925,""
2022-04-25T14:00:00Z,SCHD,22.352578916742,135,Market,Filled,3017.5981537602,""
2022-04-25T14:00:00Z,TSLA,335.016633165,6,Market,Filled,2010.09979899,""
2022-04-25T14:00:00Z,XLU,32.858691525,-21,Market,Filled,-690.032522025,""
2022-05-02T14:00:00Z,AVGO,51.5933407114,-39,Market,Filled,-2012.1402877446,""
2022-05-02T14:00:00Z,SCHD,21.743172187016,-135,Market,Filled,-2935.3282452471,""
2022-05-02T14:00:00Z,TSLA,290.253304308,-6,Market,Filled,-1741.519825848,""
2022-05-02T14:00:00Z,XLU,31.535493038,-91,Market,Filled,-2869.729866458,""
2022-05-02T14:00:00Z,COST,507.103969428,5,Market,Filled,2535.51984714,""
2022-05-02T14:00:00Z,JNJ,160.79473242,18,Market,Filled,2894.30518356,""
2022-05-02T14:00:00Z,LLY,281.55912246,7,Market,Filled,1970.91385722,""
2022-05-02T14:00:00Z,PG,144.787785935,20,Market,Filled,2895.7557187,""
2022-05-09T14:00:00Z,COST,480.056898464,-8,Market,Filled,-3840.455187712,""
2022-05-09T14:00:00Z,JNJ,157.15043199,-18,Market,Filled,-2828.70777582,""
2022-05-09T14:00:00Z,PG,140.614422,-20,Market,Filled,-2812.28844,""
2022-05-09T14:00:00Z,SGOV,84.474196168,34,Market,Filled,2872.122669712,""
2022-05-09T14:00:00Z,XLU,31.955907273,91,Market,Filled,2907.987561843,""
2022-05-16T14:00:00Z,DUK,93.31937816,19,Market,Filled,1773.06818504,""
2022-05-16T14:00:00Z,LLY,282.120957892,-3,Market,Filled,-846.362873676,""
2022-05-16T14:00:00Z,SGOV,84.474196168,21,Market,Filled,1773.958119528,""
2022-05-16T14:00:00Z,XLU,31.610725059,57,Market,Filled,1801.811328363,""
2022-05-23T14:00:00Z,XLU,31.747912862,-148,Market,Filled,-4698.691103576,""
2022-05-23T14:00:00Z,JNJ,157.69395846,29,Market,Filled,4573.12479534,""
2022-05-31T14:00:00Z,SGOV,84.507972336,-55,Market,Filled,-4647.93847848,""
2022-05-31T14:00:00Z,XLU,33.354337781,143,Market,Filled,4769.670302683,""
2022-06-06T14:00:00Z,JNJ,157.19498334,-29,Market,Filled,-4558.65451686,""
2022-06-06T14:00:00Z,SGOV,84.517647705,55,Market,Filled,4648.470623775,""
2022-06-13T14:00:00Z,XLU,31.570896342,-143,Market,Filled,-4514.638176906,""
2022-06-13T14:00:00Z,JNJ,153.74670885,30,Market,Filled,4612.4012655,""
2022-06-21T14:00:00Z,DUK,83.50077936,-50,Market,Filled,-4175.038968,""
2022-06-21T14:00:00Z,JNJ,150.99343542,15,Market,Filled,2264.9015313,""
2022-06-21T14:00:00Z,SGOV,84.534542787,26,Market,Filled,2197.898112462,""
2022-06-27T14:00:00Z,DUK,89.246794136,52,Market,Filled,4640.833295072,""
2022-06-27T14:00:00Z,JNJ,162.42531183,-17,Market,Filled,-2761.23030111,""
2022-06-27T14:00:00Z,LLY,315.030555298,-1,Market,Filled,-315.030555298,""
2022-06-27T14:00:00Z,SGOV,84.534542787,-26,Market,Filled,-2197.898112462,""
2022-08-01T14:00:00Z,DUK,93.857266616,-52,Market,Filled,-4880.577864032,""
2022-08-01T14:00:00Z,JNJ,155.50203204,2,Market,Filled,311.00406408,""
2022-08-01T14:00:00Z,XLU,32.9880190275,142,Market,Filled,4684.298701905,""
2022-08-08T14:00:00Z,JNJ,152.46362997,-30,Market,Filled,-4573.9088991,""
2022-08-08T14:00:00Z,DUK,93.199847392,49,Market,Filled,4566.792522208,""
2022-08-15T14:00:00Z,DUK,94.99794885,-49,Market,Filled,-4654.89949365,""
2022-08-15T14:00:00Z,XLU,34.223675724,-142,Market,Filled,-4859.761952808,""
2022-08-15T14:00:00Z,LLY,298.706122374,3,Market,Filled,896.118367122,""
2022-08-15T14:00:00Z,SGOV,84.71614151,-21,Market,Filled,-1779.03897171,""
2022-08-15T14:00:00Z,USMV,70.98057414,41,Market,Filled,2910.20353974,""
2022-08-15T14:00:00Z,XLV,125.595330642,23,Market,Filled,2888.692604766,""
2022-08-22T14:00:00Z,SGOV,84.741530963,-34,Market,Filled,-2881.212052742,""
2022-08-22T14:00:00Z,XLU,34.660839465,85,Market,Filled,2946.171354525,""
2022-08-29T14:00:00Z,LLY,306.237344382,-14,Market,Filled,-4287.322821348,""
2022-08-29T14:00:00Z,USMV,68.40338139,-41,Market,Filled,-2804.53863699,""
2022-08-29T14:00:00Z,XLV,119.645484489,-23,Market,Filled,-2751.846143247,""
2022-08-29T14:00:00Z,DUK,93.679609968,49,Market,Filled,4590.300888432,""
2022-08-29T14:00:00Z,SGOV,84.7880782935,55,Market,Filled,4663.3443061425,""
2022-08-29T14:00:00Z,XLU,33.7731294195,53,Market,Filled,1789.9758592335,""
2022-09-12T14:00:00Z,LLY,308.469536472,11,Market,Filled,3393.164901192,""
2022-09-26T14:00:00Z,DUK,89.362696374,-49,Market,Filled,-4378.772122326,""
2022-09-26T14:00:00Z,LLY,302.384386731,-11,Market,Filled,-3326.228254041,""
2022-09-26T14:00:00Z,SGOV,84.960162052,26,Market,Filled,2208.964213352,""
2022-09-26T14:00:00Z,XLU,32.228090544,76,Market,Filled,2449.334881344,""
2022-10-03T14:00:00Z,XLU,29.421156794,-214,Market,Filled,-6296.127553916,""
2022-10-03T14:00:00Z,SGOV,85.002548882,78,Market,Filled,6630.198812796,""
2022-10-10T14:00:00Z,LLY,317.019802695,10,Market,Filled,3170.19802695,""
2022-10-31T14:00:00Z,JNJ,156.860803206,29,Market,Filled,4548.963292974,""
2022-10-31T14:00:00Z,SGOV,85.169459375,-106,Market,Filled,-9027.96269375,""
2022-10-31T14:00:00Z,XLV,125.378746402,36,Market,Filled,4513.634870472,""
2022-11-14T15:00:00Z,JNJ,151.81958565,-29,Market,Filled,-4402.76798385,""
2022-11-14T15:00:00Z,LLY,341.971828188,1,Market,Filled,341.971828188,""
2022-11-14T15:00:00Z,SGOV,85.29764288,-20,Market,Filled,-1705.9528576,""
2022-11-14T15:00:00Z,VIG,143.65570208,19,Market,Filled,2729.45833952,""
2022-11-14T15:00:00Z,XLV,125.633542891,-14,Market,Filled,-1758.869600474,""
2022-11-28T15:00:00Z,NFLX,28.554,144,Market,Filled,4111.776,""
2022-12-05T15:00:00Z,VIG,148.74475781,-19,Market,Filled,-2826.15039839,""
2022-12-05T15:00:00Z,NFLX,32.041,-13,Market,Filled,-416.533,""
2022-12-05T15:00:00Z,PG,137.607642907,21,Market,Filled,2889.760501047,""
2022-12-19T15:00:00Z,LLY,349.650761312,-11,Market,Filled,-3846.158374432,""
2022-12-19T15:00:00Z,SGOV,85.6133739,-33,Market,Filled,-2825.2413387,""
2022-12-19T15:00:00Z,JNJ,158.595508412,28,Market,Filled,4440.674235536,""
2022-12-19T15:00:00Z,NFLX,29.071,-13,Market,Filled,-377.923,""
2022-12-19T15:00:00Z,PG,137.370089045,12,Market,Filled,1648.44106854,""
2022-12-19T15:00:00Z,XLV,127.898400571,13,Market,Filled,1662.679207423,""
2022-12-27T15:00:00Z,JNJ,160.229582928,-28,Market,Filled,-4486.428321984,""
2022-12-27T15:00:00Z,SGOV,85.6818783,53,Market,Filled,4541.1395499,""
